<?xml version="1.0" ?>

<container xmlns="http://symfony.com/schema/dic/services"
           xmlns:xsi="http://www.w3.org/2001/XMLSchema-instance"
           xsi:schemaLocation="http://symfony.com/schema/dic/services http://symfony.com/schema/dic/services/services-1.0.xsd">
    <services>
        <service id="Sov\Sovendus\Service\ConfigService">
            <argument type="service" id="Shopware\Core\System\SystemConfig\SystemConfigService"/>
            <argument type="service" id="request_stack"/>
        </service>
        <service id="Sov\Sovendus\Storefront\Page\Checkout\ThankYouPageSubscriber">
            <argument type="service" id="request_stack"/>
            <argument type="service" id="Sov\Sovendus\Service\ConfigService"/>
            <tag name="kernel.event_subscriber"/>
        </service>
    </services>
</container>